no,no_induk,no_barcode,no_rfid,media,judul_utama,deskripsi,tajuk_pengarang,edisi,penerbit,tahun_terbit,jumlah_halaman,isbn,no_ddc,nomor_panggil_katalog,kategori,bahasa,subjek_topik,combined_features,processed_features
1.0,36221000000000.0,36221000000000.0,36221000000000.0,Buku,Accounting & auditing research  ,"Buku yang membahas riset dalam bidang akuntansi dan audit, fokus pada metodologi dan praktik penelitian.","Thoas R. Weirich, Thomas C. Pearson, Alan Reinstein",4.0,"Thomson, ",2004.0,100.0,"9,78007E+10",657.0,657.0,Accounting/Akuntansi,inggris,accounting,"Accounting & auditing research   Buku yang membahas riset dalam bidang akuntansi dan audit, fokus pada metodologi dan praktik penelitian. accounting Accounting/Akuntansi",accounting auditing research buku yang membahas riset dalam bidang akuntansi dan audit fokus pada metodologi dan praktik penelitian accounting accountingakuntansi
2.0,36222000000000.0,36222000000000.0,36222000000000.0,Buku,Priciples of accounting  ,"Pengantar prinsip dasar akuntansi, biasanya untuk mahasiswa pemula atau non-akuntan.",Dupree,4.0,"Addison-Wesley Publishing Company, ",1984.0,100.0,"9,78007E+11",657.0,657.0,Accounting/Akuntansi,inggris,akuntansi,"Priciples of accounting   Pengantar prinsip dasar akuntansi, biasanya untuk mahasiswa pemula atau non-akuntan. akuntansi Accounting/Akuntansi",priciples accounting pengantar prinsip dasar akuntansi biasanya untuk mahasiswa pemula atau nonakuntan akuntansi accountingakuntansi
3.0,36222000000000.0,36222000000000.0,36222000000000.0,Buku,Fundamental financial accounting concepts  ,Menjelaskan konsep fundamental akuntansi keuangan sebagai landasan analisis laporan keuangan.," Edmonds,Cindy D.",4.0,"McGraw-Hill, ",2006.0,100.0,"9,78007E+12",657.0,657.0,Accounting/Akuntansi,inggris,akuntansi,Fundamental financial accounting concepts   Menjelaskan konsep fundamental akuntansi keuangan sebagai landasan analisis laporan keuangan. akuntansi Accounting/Akuntansi,fundamental financial accounting concept menjelaskan konsep fundamental akuntansi keuangan sebagai landasan analisis laporan keuangan akuntansi accountingakuntansi
4.0,36222000000000.0,36222000000000.0,36222000000000.0,Buku,Accounting  ,"Buku umum tentang akuntansi, membahas teori dasar hingga praktik akuntansi.","Kimmel, Paul D.",4.0,"John Wiley & Sons Inc., ",2008.0,100.0,"9,78007E+13",657.0,657.0,Accounting/Akuntansi,inggris,accounting,"Accounting   Buku umum tentang akuntansi, membahas teori dasar hingga praktik akuntansi. accounting Accounting/Akuntansi",accounting buku umum tentang akuntansi membahas teori dasar hingga praktik akuntansi accounting accountingakuntansi
5.0,36220200000000.0,36220200000000.0,36220200000000.0,Buku,Riset akuntansi  ,"Buku lokal mengenai metode penelitian dalam akuntansi, termasuk topik kuantitatif dan kualitatif.","Umar, Husein",4.0,"Gramedia Pustaka Utama, ",1998.0,100.0,"9,78007E+14",657.0,657.0,Accounting/Akuntansi,indonesia,akuntansi,"Riset akuntansi   Buku lokal mengenai metode penelitian dalam akuntansi, termasuk topik kuantitatif dan kualitatif. akuntansi Accounting/Akuntansi",riset akuntansi buku lokal kena metode teliti akuntansi masuk topik kuantitatif kualitatif akuntansi accountingakuntansi
6.0,36221000000000.0,36221000000000.0,36221000000000.0,Buku,Standar pelaporan keuangan internasional    pedoman praktis,Panduan praktis penerapan IFRS (International Financial Reporting Standards).,Hennie Van Greuning,4.0,"Salemba Empat, ",2005.0,100.0,"9,78007E+15",657.0,657.0,Accounting/Akuntansi,indonesia,agribisnis,Standar pelaporan keuangan internasional    pedoman praktis Panduan praktis penerapan IFRS (International Financial Reporting Standards). agribisnis Accounting/Akuntansi,standar lapor uang internasional pedoman praktis pandu praktis terap ifrs international financial reporting standards agribisnis accountingakuntansi
7.0,36221000000000.0,36221000000000.0,36221000000000.0,Buku,Advanced accounting,"Membahas akuntansi lanjutan, termasuk konsolidasi laporan keuangan dan transaksi kompleks.",Daniel L. Jensen,4.0,"McGraw-Hill, ",1994.0,100.0,"9,78007E+16",657.0,657.0,Accounting/Akuntansi,inggris,akuntansi,"Advanced accounting Membahas akuntansi lanjutan, termasuk konsolidasi laporan keuangan dan transaksi kompleks. akuntansi Accounting/Akuntansi",advanced accounting membahas akuntansi lanjutan termasuk konsolidasi laporan keuangan dan transaksi kompleks akuntansi accountingakuntansi
8.0,36221000000000.0,36221000000000.0,36221000000000.0,Buku,Teori akunting,Buku teori akuntansi dengan pembahasan konsep-konsep filosofis dan dasar penyusunan standar.,"Elson S. Hendriksen, Michael F. van Breda ; alih bahasa Herman Wibowo",4.0,"Interaksara, ",2000.0,100.0,"9,78007E+17",657.0,657.0,Accounting/Akuntansi,indonesia,agribisnis ,Teori akunting Buku teori akuntansi dengan pembahasan konsep-konsep filosofis dan dasar penyusunan standar. agribisnis  Accounting/Akuntansi,teori akunting buku teori akuntansi bahas konsepkonsep filosofis dasar susun standar agribisnis accountingakuntansi
9.0,36221000000000.0,36221000000000.0,36221000000000.0,Buku,"Principles of accounting for non-accounting professionals, 3rd Ed.  ","Prinsip akuntansi untuk profesional non-akuntan, dengan bahasa yang lebih praktis.","Man, Lee Tat",4.0,"Prectice Hall, ",2001.0,100.0,"9,78007E+18",657.0,657.0,Accounting/Akuntansi,inggris,akuntansi,"Principles of accounting for non-accounting professionals, 3rd Ed.   Prinsip akuntansi untuk profesional non-akuntan, dengan bahasa yang lebih praktis. akuntansi Accounting/Akuntansi",principle accounting nonaccounting professional rd ed prinsip akuntansi untuk profesional nonakuntan dengan bahasa yang lebih praktis akuntansi accountingakuntansi
10.0,36221000000000.0,36221000000000.0,36221000000000.0,Buku,Teori akuntansi,Fokus pada kerangka konseptual dan teori-teori dasar akuntansi.,Ahmed Belkaoui ; alih bahasa Herman Wibowo,4.0,garuda indonesia,1997.0,100.0,"9,78007E+19",657.0,657.0,Accounting/Akuntansi,indonesia,agribisnis ,Teori akuntansi Fokus pada kerangka konseptual dan teori-teori dasar akuntansi. agribisnis  Accounting/Akuntansi,teori akuntansi fokus kerangka konseptual teoriteori dasar akuntansi agribisnis accountingakuntansi
11.0,36221000000000.0,36221000000000.0,36221000000000.0,Buku,Introduction to accounting  ,Buku pengantar akuntansi dasar untuk mahasiswa atau pemula.,"Ainsworth, Penne",4.0,"Irwin McGraw-Hill, ",2000.0,100.0,"9,78007E+20",657.0,657.0,Accounting/Akuntansi,inggris,accounting,Introduction to accounting   Buku pengantar akuntansi dasar untuk mahasiswa atau pemula. accounting Accounting/Akuntansi,introduction accounting buku pengantar akuntansi dasar untuk mahasiswa atau pemula accounting accountingakuntansi
12.0,36222000000000.0,36222000000000.0,36222000000000.0,Buku,Accounting  a business perspective,"Menjelaskan akuntansi dari perspektif bisnis, menekankan pada aplikasi praktis.","Hermanson, Roger H.",4.0,"Irwin, ",1995.0,100.0,"9,78007E+21",657.0,657.0,Accounting/Akuntansi,indonesia,akuntansi,"Accounting  a business perspective Menjelaskan akuntansi dari perspektif bisnis, menekankan pada aplikasi praktis. akuntansi Accounting/Akuntansi",accounting a business perspective jelas akuntansi perspektif bisnis tekan aplikasi praktis akuntansi accountingakuntansi
13.0,36221000000000.0,36221000000000.0,36221000000000.0,Buku,Introduction to financial accounting,"Edisi ke-9 buku pengantar akuntansi keuangan, karya Horngren dkk.","Horngren, Charles T.",4.0,"Prentice Hall, ",2004.0,100.0,"9,78007E+22",657.0,657.0,Accounting/Akuntansi,inggris,accounting,"Introduction to financial accounting Edisi ke-9 buku pengantar akuntansi keuangan, karya Horngren dkk. accounting Accounting/Akuntansi",introduction financial accounting edisi ke buku pengantar akuntansi keuangan karya horngren dkk accounting accountingakuntansi
14.0,36221000000000.0,36221000000000.0,36221000000000.0,Buku,Introduction to financial accounting a user perspective,Membahas akuntansi keuangan dari sudut pandang pengguna laporan keuangan.,Kumen H. Jones ,4.0,"Prentice Hall, ",2000.0,100.0,"9,78007E+23",657.0,657.0,Accounting/Akuntansi,inggris,cell biology,Introduction to financial accounting a user perspective Membahas akuntansi keuangan dari sudut pandang pengguna laporan keuangan. cell biology Accounting/Akuntansi,introduction financial accounting user perspective membahas akuntansi keuangan dari sudut pandang pengguna laporan keuangan cell biology accountingakuntansi
15.0,36221000000000.0,36221000000000.0,36221000000000.0,Buku,Advanced accounting ,Buku akuntansi lanjutan yang sering dipakai di tingkat lanjut perkuliahan.,"Pahler, Arnold J.",4.0,"The Dryden Press, ",2000.0,100.0,"9,78007E+24",657.0,657.0,Accounting/Akuntansi,inggris,akuntansi,Advanced accounting  Buku akuntansi lanjutan yang sering dipakai di tingkat lanjut perkuliahan. akuntansi Accounting/Akuntansi,advanced accounting buku akuntansi lanjutan yang sering dipakai di tingkat lanjut perkuliahan akuntansi accountingakuntansi
16.0,36221000000000.0,36221000000000.0,36221000000000.0,Buku,Dasar-dasar akuntansi  ,"Pengantar akuntansi dasar, digunakan untuk pemahaman awal sebelum ke tahap lanjutan.","Sadeli,Lili M.",4.0,"Bumi Aksara, ",2002.0,100.0,"9,78007E+25",657.0,657.0,Accounting/Akuntansi,indonesia,agribisnis ,"Dasar-dasar akuntansi   Pengantar akuntansi dasar, digunakan untuk pemahaman awal sebelum ke tahap lanjutan. agribisnis  Accounting/Akuntansi",dasardasar akuntansi antar akuntansi dasar guna paham awal tahap lanjut agribisnis accountingakuntansi
17.0,36220200000000.0,36220200000000.0,36220200000000.0,Buku,Masalah akuntansi,Membahas berbagai permasalahan akuntansi praktis dan teoretis.,S. Hadibroto,4.0,Lembaga penerbit Fak. Ekonomi Univ. Indonesia ,1987.0,100.0,"9,78007E+26",657.0,657.0,Accounting/Akuntansi,indonesia,akuntansi,Masalah akuntansi Membahas berbagai permasalahan akuntansi praktis dan teoretis. akuntansi Accounting/Akuntansi,masalah akuntansi bahas bagai masalah akuntansi praktis teoretis akuntansi accountingakuntansi
18.0,36221000000000.0,36221000000000.0,36221000000000.0,Buku,Pelajaran akuntansi ,"Buku pelajaran akuntansi dasar, biasanya untuk level SMA atau perguruan tinggi awal.","Simangunsong,A.O.",4.0,"Dharma Karsa Utama, ",1996.0,100.0,"9,78007E+27",657.0,657.0,Accounting/Akuntansi,indonesia,akuntansi,"Pelajaran akuntansi  Buku pelajaran akuntansi dasar, biasanya untuk level SMA atau perguruan tinggi awal. akuntansi Accounting/Akuntansi",ajar akuntansi buku ajar akuntansi dasar biasa level sma guru tinggi awal akuntansi accountingakuntansi
19.0,36221000000000.0,36221000000000.0,36221000000000.0,Buku,"Sistem akuntansi dan informasi,  ",Membahas sistem akuntansi terkomputerisasi dan sistem informasi akuntansi.,"Wilkinson, Joseph W., 1960-   \epengarang",4.0,"Erlangga,  ",1994.0,100.0,"9,78007E+28",657.0,657.0,Accounting/Akuntansi,indonesia,akuntansi,"Sistem akuntansi dan informasi,   Membahas sistem akuntansi terkomputerisasi dan sistem informasi akuntansi. akuntansi Accounting/Akuntansi",sistem akuntansi informasi bahas sistem akuntansi komputerisasi sistem informasi akuntansi akuntansi accountingakuntansi
20.0,36221000000000.0,36221000000000.0,36221000000000.0,Buku,Sistem akuntansi    penyusunan prosedur dan metode  ,Panduan menyusun prosedur dan metode dalam sistem akuntansi.," Baridwan,Zaki",4.0,"BPFE, ",2002.0,100.0,"9,78007E+29",657.0,657.0,Accounting/Akuntansi,indonesia,akuntansi,Sistem akuntansi    penyusunan prosedur dan metode   Panduan menyusun prosedur dan metode dalam sistem akuntansi. akuntansi Accounting/Akuntansi,sistem akuntansi susun prosedur metode pandu susun prosedur metode sistem akuntansi akuntansi accountingakuntansi
21.0,36221000000000.0,36221000000000.0,36221000000000.0,Buku,Akuntansi  ,"Buku umum mengenai akuntansi, berisi konsep, prosedur, dan contoh kasus.","Simamora, Henry",4.0,"Salemba Empat, ",2002.0,100.0,"9,78007E+30",657.0,657.0,Accounting/Akuntansi,indonesia,akuntansi,"Akuntansi   Buku umum mengenai akuntansi, berisi konsep, prosedur, dan contoh kasus. akuntansi Accounting/Akuntansi",akuntansi buku umum kena akuntansi isi konsep prosedur contoh kasus akuntansi accountingakuntansi
22.0,36221000000000.0,36221000000000.0,36221000000000.0,Buku,Concepts & applications accounting  ,Membahas konsep akuntansi beserta aplikasinya dalam dunia bisnis.," Albrecht, W. Steve",4.0,"Thomson, ",2005.0,100.0,"9,78007E+31",657.0,657.0,Accounting/Akuntansi,inggris,akuntansi,Concepts & applications accounting   Membahas konsep akuntansi beserta aplikasinya dalam dunia bisnis. akuntansi Accounting/Akuntansi,concept application accounting membahas konsep akuntansi beserta aplikasinya dalam dunia bisnis akuntansi accountingakuntansi
23.0,36221000000000.0,36221000000000.0,36221000000000.0,Buku,Accounting    for business management  ,Mengulas akuntansi manajemen untuk pengambilan keputusan bisnis.,"Fleming,Iain",4.0,"International Thomson Business Press, ",1998.0,100.0,"9,78007E+32",657.0,657.0,Accounting/Akuntansi,inggris,bisnis,Accounting    for business management   Mengulas akuntansi manajemen untuk pengambilan keputusan bisnis. bisnis Accounting/Akuntansi,accounting business management mengulas akuntansi manajemen untuk pengambilan keputusan bisnis bisnis accountingakuntansi
24.0,36221000000000.0,36221000000000.0,36221000000000.0,Buku,"Fundamental accounting principles, ",Edisi ke-17 buku klasik tentang prinsip dasar akuntansi.,"\Larson,  aKermit D.",4.0,"McGraw-Hill / Irwin, ",2005.0,100.0,"9,78007E+33",657.0,657.0,Accounting/Akuntansi,inggris,accounting,"Fundamental accounting principles,  Edisi ke-17 buku klasik tentang prinsip dasar akuntansi. accounting Accounting/Akuntansi",fundamental accounting principle edisi ke buku klasik tentang prinsip dasar akuntansi accounting accountingakuntansi
25.0,36221000000000.0,36221000000000.0,36221000000000.0,Buku,The theory of constraints and throughput accounting  ,Buku yang menggabungkan teori kendala (TOC) dengan akuntansi throughput.,"Swain,Monte",3.0,"McGraw-Hill, ",1999.0,100.0,"9,78007E+34",657.0,657.0,Accounting/Akuntansi,inggris,manajemen akuntansi,The theory of constraints and throughput accounting   Buku yang menggabungkan teori kendala (TOC) dengan akuntansi throughput. manajemen akuntansi Accounting/Akuntansi,theory constraint throughput accounting buku yang menggabungkan teori kendala toc dengan akuntansi throughput manajemen akuntansi accountingakuntansi
26.0,36221000000000.0,36221000000000.0,36221000000000.0,Buku,Accounting    theory and practice  ,Membahas teori akuntansi beserta penerapan praktis dalam berbagai situasi.,"Glautier, M.W.E.",3.0,"Prentice Hall, ",2001.0,100.0,"9,78007E+35",657.0,657.0,Accounting/Akuntansi,inggris,akuntansi,Accounting    theory and practice   Membahas teori akuntansi beserta penerapan praktis dalam berbagai situasi. akuntansi Accounting/Akuntansi,accounting theory practice membahas teori akuntansi beserta penerapan praktis dalam berbagai situasi akuntansi accountingakuntansi
27.0,36221000000000.0,36221000000000.0,36221000000000.0,Buku,"Fundamental accounting principles,  ",Edisi ke-16 dari buku prinsip dasar akuntansi.,"Larson,  Kermit D.",3.0,"McGraw-Hill / Irwin, ",2002.0,200.0,"9,78007E+36",657.0,657.0,Accounting/Akuntansi,inggris,acco nting,"Fundamental accounting principles,   Edisi ke-16 dari buku prinsip dasar akuntansi. acco nting Accounting/Akuntansi",fundamental accounting principle edisi ke dari buku prinsip dasar akuntansi acco nting accountingakuntansi
28.0,36221000000000.0,36221000000000.0,36221000000000.0,Buku,Jurnal bisnis dan akuntansi,Jurnal ilmiah yang berisi artikel penelitian di bidang bisnis dan akuntansi.,Editor ; Arya Pradipa,3.0,"STIE-Trisakti , ",2006.0,200.0,"9,78007E+37",657.0,657.0,Accounting/Akuntansi,inggris,akuntansi,Jurnal bisnis dan akuntansi Jurnal ilmiah yang berisi artikel penelitian di bidang bisnis dan akuntansi. akuntansi Accounting/Akuntansi,jurnal bisnis dan akuntansi jurnal ilmiah yang berisi artikel penelitian di bidang bisnis dan akuntansi akuntansi accountingakuntansi
29.0,36221000000000.0,36221000000000.0,36221000000000.0,Buku,Accounting Theory  ,Buku yang membahas teori-teori akuntansi secara mendalam.,"Riahi, Ahmed",3.0,"Salemba Empat, ",2011.0,200.0,"9,78007E+38",657.0,657.0,Accounting/Akuntansi,Indonesia,akuntansi,Accounting Theory   Buku yang membahas teori-teori akuntansi secara mendalam. akuntansi Accounting/Akuntansi,accounting theory buku bahas teoriteori akuntansi dalam akuntansi accountingakuntansi
30.0,36221000000000.0,36221000000000.0,36221000000000.0,Buku,International and multinational accounting  ,Fokus pada akuntansi internasional dan perusahaan multinasional.,"Belkaoui, Ahmed Riahi",3.0,"The Dryden Press, ",1994.0,200.0,"9,78007E+39",657.0,657.0,Accounting/Akuntansi,inggris,akuntansi,International and multinational accounting   Fokus pada akuntansi internasional dan perusahaan multinasional. akuntansi Accounting/Akuntansi,international multinational accounting fokus pada akuntansi internasional dan perusahaan multinasional akuntansi accountingakuntansi
31.0,36221000000000.0,36221000000000.0,36221000000000.0,Buku,Akuntansi internasional,Buku edisi pertama yang membahas akuntansi internasional.,"Suwardi,Eko",3.0,"BPFE, ",2000.0,200.0,"9,78007E+40",657.0,657.0,Accounting/Akuntansi,indonesia,akuntansi,Akuntansi internasional Buku edisi pertama yang membahas akuntansi internasional. akuntansi Accounting/Akuntansi,akuntansi internasional buku edisi pertama bahas akuntansi internasional akuntansi accountingakuntansi
32.0,36221000000000.0,36221000000000.0,36221000000000.0,Buku,Accounting ,Buku akuntansi umum (kemungkinan teks standar untuk pendidikan).,"Horngren, Charles T.",3.0,"Prentice Hall, ",2001.0,200.0,"9,78007E+41",657.0,657.0,Accounting/Akuntansi,inggris,accounting,Accounting  Buku akuntansi umum (kemungkinan teks standar untuk pendidikan). accounting Accounting/Akuntansi,accounting buku akuntansi umum kemungkinan teks standar untuk pendidikan accounting accountingakuntansi
33.0,36221000000000.0,36221000000000.0,36221000000000.0,Buku,International accounting ,Buku populer yang membahas standar akuntansi global.,"Saudagaran,Shahrokh M.",3.0,"South-Western College Publishing, ",2004.0,200.0,"9,78007E+42",657.0,657.0,Accounting/Akuntansi,inggris,accounting,International accounting  Buku populer yang membahas standar akuntansi global. accounting Accounting/Akuntansi,international accounting buku populer yang membahas standar akuntansi global accounting accountingakuntansi
34.0,36221000000000.0,36221000000000.0,36221000000000.0,Buku,"Teori akuntansi,  ",Buku teori akuntansi jilid 1 edisi revisi ke-4.,"Hendriksen, Eldon S.",3.0,"Erlangga, ",1982.0,200.0,"9,78007E+43",657.0,657.0,Accounting/Akuntansi,indonesia,akuntansi,"Teori akuntansi,   Buku teori akuntansi jilid 1 edisi revisi ke-4. akuntansi Accounting/Akuntansi",teori akuntansi buku teori akuntansi jilid edisi revisi akuntansi accountingakuntansi
35.0,36221000000000.0,36221000000000.0,36221000000000.0,Buku,Accounting and the enterprise   ,Membahas peran akuntansi dalam perusahaan (enterprise).,"Jones, T. Colwyn",3.0,"Routledge, ",1995.0,200.0,"9,78007E+44",657.0,657.0,Accounting/Akuntansi,inggris,accounting,Accounting and the enterprise    Membahas peran akuntansi dalam perusahaan (enterprise). accounting Accounting/Akuntansi,accounting enterprise membahas peran akuntansi dalam perusahaan enterprise accounting accountingakuntansi
36.0,36222000000000.0,36222000000000.0,36222000000000.0,Buku,Akuntansi Keuangan Lanjutan,Buku akuntansi keuangan lanjutan untuk mahasiswa tingkat lanjut.,Lalu Hendry Yujana,3.0,Lembaga penerbit FE Univ. Indonesia ,1993.0,200.0,"9,78007E+45",657.0,657.0,Accounting/Akuntansi,indonesia,akuntansi,Akuntansi Keuangan Lanjutan Buku akuntansi keuangan lanjutan untuk mahasiswa tingkat lanjut. akuntansi Accounting/Akuntansi,akuntansi uang lanjut buku akuntansi uang lanjut mahasiswa tingkat lanjut akuntansi accountingakuntansi
37.0,36221000000000.0,36221000000000.0,36221000000000.0,Buku,International accounting  ,"Buku akuntansi internasional, membahas harmonisasi standar akuntansi global.","Walton,Peter",2.0,"Thomson, ",2003.0,200.0,"9,78007E+46",657.0,657.0,Accounting/Akuntansi,ingggris,accounting,"International accounting   Buku akuntansi internasional, membahas harmonisasi standar akuntansi global. accounting Accounting/Akuntansi",international accounting buku akuntansi internasional bahas harmonisasi standar akuntansi global accounting accountingakuntansi
38.0,36220100000000.0,36220100000000.0,36220100000000.0,Buku,Accounting theory  ,Buku teori akuntansi yang membahas kerangka konseptual dan aplikasi.,"Wolk, Harry I.",2.0,"South-Western, ",1991.0,200.0,"9,78007E+47",657.0,657.0,Accounting/Akuntansi,ingggris,akuntansi,Accounting theory   Buku teori akuntansi yang membahas kerangka konseptual dan aplikasi. akuntansi Accounting/Akuntansi,accounting theory buku teori akuntansi bahas kerangka konseptual aplikasi akuntansi accountingakuntansi
39.0,36222000000000.0,36222000000000.0,36222000000000.0,Buku,Teori akuntansi  ,"Buku teori akuntansi berbahasa Indonesia, bahas isu konseptual.","Tuanakotta, Theodorus M.",2.0,"Fakultas Ekonomi-Universitas Indonesia, ",1984.0,200.0,"9,78007E+48",657.0,657.0,Accounting/Akuntansi,indonesia,akuntansi,"Teori akuntansi   Buku teori akuntansi berbahasa Indonesia, bahas isu konseptual. akuntansi Accounting/Akuntansi",teori akuntansi buku teori akuntansi bahasa indonesia bahas isu konseptual akuntansi accountingakuntansi
40.0,36220100000000.0,36220100000000.0,36220100000000.0,Buku,Accounting    the basis for business decisions,Buku akuntansi klasik untuk dasar pengambilan keputusan bisnis.,"Whittington,Ray",2.0,"The McGraw-Hill Co., Inc. ; ",1996.0,200.0,"9,78007E+49",657.0,657.0,Accounting/Akuntansi,ingggris,akuntansi,Accounting    the basis for business decisions Buku akuntansi klasik untuk dasar pengambilan keputusan bisnis. akuntansi Accounting/Akuntansi,accounting the basis for business decisions buku akuntansi klasik dasar ambil putus bisnis akuntansi accountingakuntansi
41.0,36221000000000.0,36221000000000.0,36221000000000.0,Buku,Trik mudah menguasai MYOB accounting ,Panduan praktis software akuntansi MYOB edisi pertama.,"Sudarmanto, R. Gunawan",2.0,"Graha llmu, ",2005.0,200.0,"9,78007E+50",657.0,657.0,Accounting/Akuntansi,indonesia,komputer dalam akuntansi,Trik mudah menguasai MYOB accounting  Panduan praktis software akuntansi MYOB edisi pertama. komputer dalam akuntansi Accounting/Akuntansi,trik mudah kuasa myob accounting pandu praktis software akuntansi myob edisi pertama komputer akuntansi accountingakuntansi
42.0,36220100000000.0,36220100000000.0,36220100000000.0,Buku,"Financial accounting,  ",Buku akuntansi keuangan edisi ke-8.,"Meigs,  Walter B.",2.0,"McGraw-Hill, Inc., ",1995.0,200.0,"9,78007E+51",657.0,657.0,Accounting/Akuntansi,indonesia,akuntansi,"Financial accounting,   Buku akuntansi keuangan edisi ke-8. akuntansi Accounting/Akuntansi",financial accounting buku akuntansi uang edisi akuntansi accountingakuntansi
43.0,36222000000000.0,36222000000000.0,36222000000000.0,Buku,"Dasar-dasar akuntansi, ",Buku dasar akuntansi revisi untuk pembelajaran dasar.,"Niswonger, C. Rollin   \epengarang",2.0,"PT Rineka Cipta, ",1992.0,200.0,"9,78007E+52",657.0,657.0,Accounting/Akuntansi,indonesia,akuntansi,"Dasar-dasar akuntansi,  Buku dasar akuntansi revisi untuk pembelajaran dasar. akuntansi Accounting/Akuntansi",dasardasar akuntansi buku dasar akuntansi revisi ajar dasar akuntansi accountingakuntansi
44.0,36222000000000.0,36222000000000.0,36222000000000.0,Buku,Teori akuntansi  isu-isu kontemporer  ,Buku teori akuntansi dengan bahasan isu kontemporer dan modern.,Goedono,2.0,"Andi Offset, ",1990.0,200.0,"9,78007E+53",657.0,657.0,Accounting/Akuntansi,indonesia,akuntansi,Teori akuntansi  isu-isu kontemporer   Buku teori akuntansi dengan bahasan isu kontemporer dan modern. akuntansi Accounting/Akuntansi,teori akuntansi isuisu kontemporer buku teori akuntansi bahas isu kontemporer modern akuntansi accountingakuntansi
45.0,36221000000000.0,36221000000000.0,36221000000000.0,Buku,Analisa neraca dan laba-rugi    financial statement analysis,Buku analisis laporan keuangan (balance sheet & income statement).,John N. Myer ; penerjemah : R. Soemita A.K.,2.0,Tarsito; ,1980.0,200.0,"9,78007E+54",657.0,657.0,Accounting/Akuntansi,indonesia,digital electronic,Analisa neraca dan laba-rugi    financial statement analysis Buku analisis laporan keuangan (balance sheet & income statement). digital electronic Accounting/Akuntansi,analisa neraca labarugi financial statement analysis buku analisis lapor uang balance sheet income statement digital electronic accountingakuntansi
46.0,36220100000000.0,36220100000000.0,36220100000000.0,Buku,"Introduction to financial accounting, ",Buku pengantar akuntansi keuangan edisi ke-6.,"Charles T. Horngren, Gary L. Sundem, John A. Elliott.",2.0,"Prentice Hall International, Inc. ; ",2002.0,200.0,"9,78007E+55",657.0,657.0,Accounting/Akuntansi,inggris,akuntansi,"Introduction to financial accounting,  Buku pengantar akuntansi keuangan edisi ke-6. akuntansi Accounting/Akuntansi",introduction financial accounting buku pengantar akuntansi keuangan edisi ke akuntansi accountingakuntansi
47.0,36222000000000.0,36222000000000.0,36222000000000.0,Buku,"Advanced accounting (akunting tinggi),  ",Buku akuntansi lanjutan (tingkat tinggi) jilid pertama.,"Simons, Harry  \epengarang",2.0,"Rineka Cipta, ",1992.0,200.0,"9,78007E+56",657.0,657.0,Accounting/Akuntansi,indonesia,akuntansi,"Advanced accounting (akunting tinggi),   Buku akuntansi lanjutan (tingkat tinggi) jilid pertama. akuntansi Accounting/Akuntansi",advanced accounting akunting tinggi buku akuntansi lanjut tingkat tinggi jilid pertama akuntansi accountingakuntansi
48.0,36222000000000.0,36222000000000.0,36222000000000.0,Buku,Dasar-dasar akunting  accounting principles,Buku pengantar prinsip-prinsip akuntansi.,"Adikoesoema, R. Soemita",2.0,"Tarsito, ",1984.0,200.0,"9,78007E+57",657.0,657.0,Accounting/Akuntansi,indonesia,akuntansi,Dasar-dasar akunting  accounting principles Buku pengantar prinsip-prinsip akuntansi. akuntansi Accounting/Akuntansi,dasardasar akunting accounting principles buku antar prinsipprinsip akuntansi akuntansi accountingakuntansi
49.0,36222000000000.0,36222000000000.0,36222000000000.0,Buku,"Akuntansi aktiva tetap  akuntansi, pajak, revaluasi, leasing  ","Buku akuntansi khusus yang membahas aset tetap, perpajakan, dan leasing.","Harahap, Sofyan Syafri",2.0,"Raja Grafindo Persada, ",1999.0,200.0,"9,78007E+58",657.0,657.0,Accounting/Akuntansi,indonesia,akuntansi,"Akuntansi aktiva tetap  akuntansi, pajak, revaluasi, leasing   Buku akuntansi khusus yang membahas aset tetap, perpajakan, dan leasing. akuntansi Accounting/Akuntansi",akuntansi aktiva tetap akuntansi pajak revaluasi leasing buku akuntansi khusus bahas aset tetap paja leasing akuntansi accountingakuntansi
50.0,36220200000000.0,36220200000000.0,36220200000000.0,Buku,Analisa neraca,"Membahas cara membaca, memahami, dan menganalisis laporan neraca perusahaan.",Harry G. Guthmann ;dibahas oleh Winardi,2.0,"Alumni , ",1978.0,200.0,"9,78007E+59",657.0,657.0,Accounting/Akuntansi,indonesia,demam tifoid,"Analisa neraca Membahas cara membaca, memahami, dan menganalisis laporan neraca perusahaan. demam tifoid Accounting/Akuntansi",analisa neraca bahas cara baca paham analis lapor neraca usaha demam tifoid accountingakuntansi
51.0,36221000000000.0,36221000000000.0,36221000000000.0,Buku,"Azas-azas akunting,",Menjelaskan prinsip dasar akuntansi bagi pemula dengan pendekatan sistematis.,"Pyle, William W.  \epengarang",2.0,"Tarsito, ",1978.0,200.0,"9,78007E+60",657.0,657.0,Accounting/Akuntansi,indonesia,akuntansi,"Azas-azas akunting, Menjelaskan prinsip dasar akuntansi bagi pemula dengan pendekatan sistematis. akuntansi Accounting/Akuntansi",azasazas akunting jelas prinsip dasar akuntansi mula dekat sistematis akuntansi accountingakuntansi
52.0,36221000000000.0,36221000000000.0,36221000000000.0,Buku,Sistem akuntansi,Membahas prosedur pencatatan dan sistem informasi akuntansi dalam organisasi.,Mulyadi,1.0,"YKPN , ",1989.0,200.0,"9,78007E+61",657.0,657.0,Accounting/Akuntansi,indonesia,akuntasi,Sistem akuntansi Membahas prosedur pencatatan dan sistem informasi akuntansi dalam organisasi. akuntasi Accounting/Akuntansi,sistem akuntansi bahas prosedur catat sistem informasi akuntansi organisasi akuntasi accountingakuntansi
53.0,36222000000000.0,36222000000000.0,36222000000000.0,Buku,"Sistem informasi akuntansi,",Fokus pada konsep sistem informasi akuntansi modern untuk mendukung pengambilan keputusan.,"Bodnar, George H.   \epengarang",1.0,"Salemba Empat, ",1996.0,200.0,"9,78007E+62",657.0,657.0,Accounting/Akuntansi,indonesia,akuntansi,"Sistem informasi akuntansi, Fokus pada konsep sistem informasi akuntansi modern untuk mendukung pengambilan keputusan. akuntansi Accounting/Akuntansi",sistem informasi akuntansi fokus konsep sistem informasi akuntansi modern dukung ambil putus akuntansi accountingakuntansi
54.0,36220200000000.0,36220200000000.0,36220200000000.0,Buku,Kasus pemeriksaan akuntansi PT Grafiti Press Internasional,Berisi studi kasus nyata dalam pemeriksaan laporan keuangan.,"Sugiarto, Bambang Hartadi",1.0,Andi Offset ; ,1993.0,200.0,"9,78007E+63",657.0,657.0,Accounting/Akuntansi,indonesia,agribisnis itik,Kasus pemeriksaan akuntansi PT Grafiti Press Internasional Berisi studi kasus nyata dalam pemeriksaan laporan keuangan. agribisnis itik Accounting/Akuntansi,kasus periksa akuntansi pt grafit press internasional isi studi kasus nyata periksa lapor uang agribisnis itik accountingakuntansi
55.0,36221000000000.0,36221000000000.0,36221000000000.0,Buku,Akuntansi pengantar,Buku pengantar yang menjelaskan konsep dasar akuntansi keuangan.,Suwardjono,1.0,"BPFE, ",1987.0,200.0,"9,78007E+64",657.0,657.0,Accounting/Akuntansi,indonesia,akuntansi,Akuntansi pengantar Buku pengantar yang menjelaskan konsep dasar akuntansi keuangan. akuntansi Accounting/Akuntansi,akuntansi antar buku antar jelas konsep dasar akuntansi uang akuntansi accountingakuntansi
56.0,36222000000000.0,36222000000000.0,36222000000000.0,Buku,Akuntansi keuangan  suatu pengantar,Membahas struktur laporan keuangan dan proses penyusunan laporan.,"Yujana, Lalu Hendry",1.0,"Fakultas Ekonomi Universitas Indonesia, ",1994.0,200.0,"9,78007E+65",657.0,657.0,Accounting/Akuntansi,indonesia,akuntansi,Akuntansi keuangan  suatu pengantar Membahas struktur laporan keuangan dan proses penyusunan laporan. akuntansi Accounting/Akuntansi,akuntansi uang suatu antar bahas struktur lapor uang proses susun lapor akuntansi accountingakuntansi
57.0,36222000000000.0,36222000000000.0,36222000000000.0,Buku,Accounting principles ,Buku pegangan dasar mengenai prinsip akuntansi berstandar internasional.,"Weygandt, Jerry J.",1.0,"John Wiley & Sons,INC, ",1993.0,200.0,"9,78007E+66",657.0,657.0,Accounting/Akuntansi,english,akuntansi,Accounting principles  Buku pegangan dasar mengenai prinsip akuntansi berstandar internasional. akuntansi Accounting/Akuntansi,accounting principles buku pegang dasar kena prinsip akuntansi standar internasional akuntansi accountingakuntansi
58.0,36221000000000.0,36221000000000.0,36221000000000.0,Buku,Akuntansi ekuitas ,Menjelaskan teori dan praktik pencatatan ekuitas dalam laporan keuangan.,"Setiabudi, Hendry Y.",1.0,"Salemba Empat, ",2002.0,200.0,"9,78007E+67",657.0,657.0,Accounting/Akuntansi,indonesia,akuntansi,Akuntansi ekuitas  Menjelaskan teori dan praktik pencatatan ekuitas dalam laporan keuangan. akuntansi Accounting/Akuntansi,akuntansi ekuitas jelas teori praktik catat ekuitas lapor uang akuntansi accountingakuntansi
59.0,36221000000000.0,36221000000000.0,36221000000000.0,Buku,Essentials of accounting  ,Panduan ringkas untuk memahami akuntansi secara praktis.,"Anthony,Robert N.",1.0,"Addison-Wesley Publishing Company, ",1993.0,200.0,"9,78007E+68",657.0,657.0,Accounting/Akuntansi,inggris,akuntansi,Essentials of accounting   Panduan ringkas untuk memahami akuntansi secara praktis. akuntansi Accounting/Akuntansi,essential accounting panduan ringkas untuk memahami akuntansi secara praktis akuntansi accountingakuntansi
60.0,36220200000000.0,36220200000000.0,36220200000000.0,Buku,Principles of accounting,Buku rujukan dasar mengenai prinsip akuntansi umum.,Glenn L. Johnson and James A. Gentry.,1.0,"Prentice-Hall, ",1974.0,200.0,"9,78007E+69",657.0,657.0,Accounting/Akuntansi,indonesia,aeronautical anual,Principles of accounting Buku rujukan dasar mengenai prinsip akuntansi umum. aeronautical anual Accounting/Akuntansi,principles of accounting buku rujuk dasar kena prinsip akuntansi umum aeronautical anual accountingakuntansi
61.0,36220200000000.0,36220200000000.0,36220200000000.0,Buku,Azas-azas Accounting,Membahas prinsip akuntansi dengan pendekatan konseptual.,R. Soemita Adikoesoemah.,1.0,"Accounting Publishing House, ",1986.0,200.0,"9,78007E+70",657.0,657.0,Accounting/Akuntansi,indonesia,aquaculture,Azas-azas Accounting Membahas prinsip akuntansi dengan pendekatan konseptual. aquaculture Accounting/Akuntansi,azasazas accounting bahas prinsip akuntansi dekat konseptual aquaculture accountingakuntansi
62.0,36222000000000.0,36222000000000.0,36222000000000.0,Buku,Prinsip-prinsip akuntansi,Buku teks dasar akuntansi yang sering digunakan dalam pendidikan formal.,"Niswonger,   C. Rollin",1.0,Erlangga ,1984.0,200.0,"9,78007E+71",657.0,657.0,Accounting/Akuntansi,indonesia,akuntansi,Prinsip-prinsip akuntansi Buku teks dasar akuntansi yang sering digunakan dalam pendidikan formal. akuntansi Accounting/Akuntansi,prinsipprinsip akuntansi buku teks dasar akuntansi sering guna didik formal akuntansi accountingakuntansi
64.0,36222000000000.0,36222000000000.0,36222000000000.0,Buku,Financial accounting ,Buku lanjutan yang membahas pelaporan dan analisis laporan keuangan.,"Meigs, Walter B.",1.0,"McGraw-Hill Book Company, ",1986.0,200.0,"9,78007E+73",657.0,657.0,Accounting/Akuntansi,english,akuntansi,Financial accounting  Buku lanjutan yang membahas pelaporan dan analisis laporan keuangan. akuntansi Accounting/Akuntansi,financial accounting buku lanjut bahas lapor analisis lapor uang akuntansi accountingakuntansi
65.0,36220200000000.0,36220200000000.0,36220200000000.0,Buku,Introductioan to financial accounting ,Versi pengantar akuntansi keuangan untuk mahasiswa dan praktisi pemula.,"Horngren, Charles T.",1.0,"Prentice Hall, ",1993.0,200.0,"9,78007E+74",657.0,657.0,Accounting/Akuntansi,indonesia,akuntansi,Introductioan to financial accounting  Versi pengantar akuntansi keuangan untuk mahasiswa dan praktisi pemula. akuntansi Accounting/Akuntansi,introductioan to financial accounting versi antar akuntansi uang mahasiswa praktisi mula akuntansi accountingakuntansi
66.0,36222000000000.0,36222000000000.0,36222000000000.0,Buku,"Pemeriksaan akuntan,  ",Membahas prosedur dan teknik pemeriksaan laporan keuangan oleh auditor.,Mulyadi,1.0,"Bagian penerbit Sekolah Tinggi Ilmu ekonomi (YKPN), ",1992.0,200.0,"9,78007E+75",657.0,657.0,Accounting/Akuntansi,indonesia,akuntansi,"Pemeriksaan akuntan,   Membahas prosedur dan teknik pemeriksaan laporan keuangan oleh auditor. akuntansi Accounting/Akuntansi",periksa akuntan bahas prosedur teknik periksa lapor uang auditor akuntansi accountingakuntansi
67.0,36221000000000.0,36221000000000.0,36221000000000.0,Buku,Prentice hall`s guide to e-business for accounting,Mengulas penerapan e-business dalam dunia akuntansi modern.,Marian B. Wood,1.0,"Prentice Hall, ",2002.0,300.0,"9,78007E+76",657.0,657.0,Accounting/Akuntansi,inggris,accounting,Prentice hall`s guide to e-business for accounting Mengulas penerapan e-business dalam dunia akuntansi modern. accounting Accounting/Akuntansi,prentice hall guide ebusiness accounting mengulas penerapan ebusiness dalam dunia akuntansi modern accounting accountingakuntansi
68.0,36222000000000.0,36222000000000.0,36222000000000.0,Buku,Advanced accounting  ,Menyajikan pembahasan akuntansi tingkat lanjut dengan studi kasus perusahaan besar.,"Beams, Floyd A.",1.0,"Prentice Hall International, Inc. ; ",1992.0,300.0,"9,78007E+77",657.0,657.0,Accounting/Akuntansi,ingggris,akuntansi,Advanced accounting   Menyajikan pembahasan akuntansi tingkat lanjut dengan studi kasus perusahaan besar. akuntansi Accounting/Akuntansi,advanced accounting saji bahas akuntansi tingkat lanjut studi kasus usaha besar akuntansi accountingakuntansi
69.0,36221000000000.0,36221000000000.0,36221000000000.0,Buku,Introduction to accounting    an integrated approach  ,Pendekatan integratif untuk memahami dasar-dasar akuntansi.,"Ainsworth,Penne",1.0,"Irwin McGraw-Hill, ",2009.0,300.0,"9,78007E+78",657.0,657.0,Accounting/Akuntansi,inggris,akuntansi,Introduction to accounting    an integrated approach   Pendekatan integratif untuk memahami dasar-dasar akuntansi. akuntansi Accounting/Akuntansi,introduction accounting integrated approach pendekatan integratif untuk memahami dasardasar akuntansi akuntansi accountingakuntansi
70.0,36220200000000.0,36220200000000.0,36220200000000.0,Buku,Cost Occounting A Managerial emphasis,Membahas akuntansi biaya dengan fokus pada pengambilan keputusan manajerial.,Charles T. Horngren and George faster.,1.0,"prcntice-Hall , ",1987.0,300.0,"9,78007E+79",657.0,657.0,Accounting/Akuntansi,indonesia,asam,Cost Occounting A Managerial emphasis Membahas akuntansi biaya dengan fokus pada pengambilan keputusan manajerial. asam Accounting/Akuntansi,cost occounting a managerial emphasis bahas akuntansi biaya fokus ambil putus manajerial asam accountingakuntansi
71.0,36221000000000.0,36221000000000.0,36221000000000.0,Buku,"Kunci penyelesaian soal prinsip-prinsip akuntansi,",Buku latihan soal beserta penyelesaian untuk prinsip akuntansi.,"Niswonger,C. Rollin  ; Alih Bahasa : Herman Wibowo, Suryadi Saat",3.0,"Erlangga, ",1997.0,300.0,"9,78007E+80",657.0,657.0,Accounting/Akuntansi,indonesia,akuntansi,"Kunci penyelesaian soal prinsip-prinsip akuntansi, Buku latihan soal beserta penyelesaian untuk prinsip akuntansi. akuntansi Accounting/Akuntansi",kunci selesai soal prinsipprinsip akuntansi buku latih soal serta selesai prinsip akuntansi akuntansi accountingakuntansi
72.0,36221000000000.0,36221000000000.0,36221000000000.0,Buku,Accounts demystified  ,Penjelasan sederhana mengenai konsep akuntansi bagi pembelajar non-akuntansi.,Anthony Rice,3.0,"Prentice Hall, ",2000.0,300.0,"9,78007E+81",657.0,657.0,Accounting/Akuntansi,inggris,akuntasi perusahaan,Accounts demystified   Penjelasan sederhana mengenai konsep akuntansi bagi pembelajar non-akuntansi. akuntasi perusahaan Accounting/Akuntansi,account demystified penjelasan sederhana mengenai konsep akuntansi bagi pembelajar nonakuntansi akuntasi perusahaan accountingakuntansi
73.0,36221000000000.0,36221000000000.0,36221000000000.0,Buku,Schaum's outline of theory and problems of principles of accounting ,Panduan belajar akuntansi dengan soal latihan dan penjelasan ringkas.,"Lerner, Joel J.",3.0,"McGraw-Hill, ",1994.0,300.0,"9,78007E+82",657.0,657.0,Accounting/Akuntansi,inggris,accounting,Schaum's outline of theory and problems of principles of accounting  Panduan belajar akuntansi dengan soal latihan dan penjelasan ringkas. accounting Accounting/Akuntansi,schaums outline theory problem principle accounting panduan belajar akuntansi dengan soal latihan dan penjelasan ringkas accounting accountingakuntansi
74.0,36221000000000.0,36221000000000.0,36221000000000.0,Buku,"Principles of accounting for non-accounting professionals,",Prinsip dasar akuntansi yang dirancang khusus untuk non-akuntan.,"Man, Lee Tat",3.0,"Prentice Hall, ",1998.0,300.0,"9,78007E+83",657.0,657.0,Accounting/Akuntansi,inggris,akuntansi,"Principles of accounting for non-accounting professionals, Prinsip dasar akuntansi yang dirancang khusus untuk non-akuntan. akuntansi Accounting/Akuntansi",principle accounting nonaccounting professional prinsip dasar akuntansi yang dirancang khusus untuk nonakuntan akuntansi accountingakuntansi
75.0,36222000000000.0,36222000000000.0,36222000000000.0,Buku,"Accounting principles,  ",Buku pengantar akuntansi berfokus pada standar internasional.,"Thacker, Ronald J.",3.0,"Prentice Hall, Inc. ; ",1978.0,300.0,"9,78007E+84",657.0,657.0,Accounting/Akuntansi,english,akuntansi,"Accounting principles,   Buku pengantar akuntansi berfokus pada standar internasional. akuntansi Accounting/Akuntansi",accounting principles buku antar akuntansi fokus standar internasional akuntansi accountingakuntansi
76.0,36220200000000.0,36220200000000.0,36220200000000.0,Buku,Understand accounting fast,Panduan cepat memahami dasar akuntansi.,Robert C. Peterson.,3.0,"McGraw Hill, Inc. ; ",1976.0,300.0,"9,78007E+85",657.0,657.0,Accounting/Akuntansi,indonesia,ansi computer angineers ,Understand accounting fast Panduan cepat memahami dasar akuntansi. ansi computer angineers  Accounting/Akuntansi,understand accounting fast pandu cepat paham dasar akuntansi ansi computer angineers accountingakuntansi
77.0,36222000000000.0,36222000000000.0,36222000000000.0,Buku,Teori akuntansi   ,Membahas teori-teori akuntansi yang menjadi dasar praktik keuangan.,"Harahap, Sofyan Syafri",3.0,"Raja Grafindo Persada, ",2008.0,300.0,"9,78007E+86",657.0,657.0,Accounting/Akuntansi,indonesia,akuntansi,Teori akuntansi    Membahas teori-teori akuntansi yang menjadi dasar praktik keuangan. akuntansi Accounting/Akuntansi,teori akuntansi bahas teoriteori akuntansi jadi dasar praktik uang akuntansi accountingakuntansi
78.0,36220200000000.0,36220200000000.0,36220200000000.0,Buku,"Accounting    the basis for business decicions, ",Menjelaskan peran akuntansi dalam pengambilan keputusan bisnis.,Walter B. Meigs and Robert F. Meigs.,3.0,"McGraw-Hill, ",1984.0,300.0,"9,78007E+87",657.0,657.0,Accounting/Akuntansi,indonesia,akuntansi,"Accounting    the basis for business decicions,  Menjelaskan peran akuntansi dalam pengambilan keputusan bisnis. akuntansi Accounting/Akuntansi",accounting the basis for business decicions jelas peran akuntansi ambil putus bisnis akuntansi accountingakuntansi
80.0,36221000000000.0,36221000000000.0,36221000000000.0,Buku,"Akuntansi internasional, Buku satu,",Menjelaskan praktik akuntansi dalam konteks bisnis internasional.,"Choi, Frederick D.S.  \epengarang",3.0,"Salemba Empat, ",1998.0,300.0,"9,78007E+89",657.0,657.0,Accounting/Akuntansi,indonesia,akuntansi,"Akuntansi internasional, Buku satu, Menjelaskan praktik akuntansi dalam konteks bisnis internasional. akuntansi Accounting/Akuntansi",akuntansi internasional buku satu jelas praktik akuntansi konteks bisnis internasional akuntansi accountingakuntansi
81.0,36221000000000.0,36221000000000.0,36221000000000.0,Buku,"Akuntansi keuangan lanjutan,  ",Membahas akuntansi tingkat lanjut dengan contoh kasus nyata.,"Yunus, Hadori",3.0,BPFE ,2000.0,300.0,"9,78007E+90",657.0,657.0,Accounting/Akuntansi,indonesia,keuanganaakuntansi,"Akuntansi keuangan lanjutan,   Membahas akuntansi tingkat lanjut dengan contoh kasus nyata. keuanganaakuntansi Accounting/Akuntansi",akuntansi uang lanjut bahas akuntansi tingkat lanjut contoh kasus nyata keuanganaakuntansi accountingakuntansi
82.0,36221000000000.0,36221000000000.0,36221000000000.0,Buku,Sistem akuntansi  ,Fokus pada rancangan dan prosedur sistem pencatatan akuntansi.,Mulyadi,3.0,"Salemba Empat, ",2001.0,300.0,"9,78007E+91",657.0,657.0,Accounting/Akuntansi,indonesia,akuntansi,Sistem akuntansi   Fokus pada rancangan dan prosedur sistem pencatatan akuntansi. akuntansi Accounting/Akuntansi,sistem akuntansi fokus rancang prosedur sistem catat akuntansi akuntansi accountingakuntansi
83.0,36221000000000.0,36221000000000.0,36221000000000.0,Buku,Accounting and performance measurement issues in the private and public sectors  ,Mengulas peran akuntansi dalam pengukuran kinerja publik dan privat.,"Mitchell,Falconer",3.0,"Paul Chapman Publishing, ",1996.0,300.0,"9,78007E+92",657.0,657.0,Accounting/Akuntansi,inggris,akuntansi,Accounting and performance measurement issues in the private and public sectors   Mengulas peran akuntansi dalam pengukuran kinerja publik dan privat. akuntansi Accounting/Akuntansi,accounting performance measurement issue private public sector mengulas peran akuntansi dalam pengukuran kinerja publik dan privat akuntansi accountingakuntansi
84.0,36221000000000.0,36221000000000.0,36221000000000.0,Buku,Accounting for the modern office  ,Membahas penerapan akuntansi dalam konteks perkantoran modern,"Palmer,Charles E.",3.0,"McGraw-Hill, ",1985.0,300.0,"9,78007E+93",657.0,657.0,Accounting/Akuntansi,inggris,accounting,Accounting for the modern office   Membahas penerapan akuntansi dalam konteks perkantoran modern accounting Accounting/Akuntansi,accounting modern office membahas penerapan akuntansi dalam konteks perkantoran modern accounting accountingakuntansi
85.0,36221000000000.0,36221000000000.0,36221000000000.0,Buku,Accounting theory    a conceptual and institutional approach  ,Mengupas teori akuntansi dengan pendekatan konseptual dan kelembagaan.,"Wolk, Harry I.",3.0,"South-Western College Publishing, ",2000.0,300.0,"9,78007E+94",657.0,657.0,Accounting/Akuntansi,inggris,akuntansi,Accounting theory    a conceptual and institutional approach   Mengupas teori akuntansi dengan pendekatan konseptual dan kelembagaan. akuntansi Accounting/Akuntansi,accounting theory conceptual institutional approach mengupas teori akuntansi dengan pendekatan konseptual dan kelembagaan akuntansi accountingakuntansi
86.0,36221000000000.0,36221000000000.0,36221000000000.0,Buku,"Accounting theory, ",Buku teori akuntansi edisi ke-4 dengan penekanan pada standar baru.,"Riahi,Ahmed",3.0,"Thomson Learning, ",2000.0,300.0,"9,78007E+95",657.0,657.0,Accounting/Akuntansi,inggris,accounting,"Accounting theory,  Buku teori akuntansi edisi ke-4 dengan penekanan pada standar baru. accounting Accounting/Akuntansi",accounting theory buku teori akuntansi edisi ke dengan penekanan pada standar baru accounting accountingakuntansi
87.0,36220100000000.0,36220100000000.0,36220100000000.0,Buku,Mengenal profesi akuntan dan memahami laporannya  ,Memberikan wawasan tentang profesi akuntan dan laporan keuangan.,"Regar,Moenaf H.",3.0,"Bumi Aksara, ",1993.0,300.0,"9,78007E+96",657.0,657.0,Accounting/Akuntansi,indonesia,profesi akuntansi,Mengenal profesi akuntan dan memahami laporannya   Memberikan wawasan tentang profesi akuntan dan laporan keuangan. profesi akuntansi Accounting/Akuntansi,kenal profesi akuntan paham lapor beri wawas profesi akuntan lapor uang profesi akuntansi accountingakuntansi
88.0,36220200000000.0,36220200000000.0,36220200000000.0,Buku,Dasar dasar akuntansi  ,Buku pengantar akuntansi dasar untuk pelajar dan mahasiswa.,"Hadibroto, S.",3.0,"Pustaka LP3ES, ",1994.0,300.0,"9,78007E+97",657.0,657.0,Accounting/Akuntansi,indonesia,akuntansi,Dasar dasar akuntansi   Buku pengantar akuntansi dasar untuk pelajar dan mahasiswa. akuntansi Accounting/Akuntansi,dasar dasar akuntansi buku antar akuntansi dasar ajar mahasiswa akuntansi accountingakuntansi
89.0,36221000000000.0,36221000000000.0,36221000000000.0,Buku,"Sistem akunting dan informasi,  ",Menjelaskan hubungan antara sistem akuntansi dan informasi.,"Wilkinson, Joseph W., 1960-   \epengarang",3.0,"Binarupa Aksara, ",1993.0,300.0,"9,78007E+98",657.0,657.0,Accounting/Akuntansi,indonesia,akuntansi,"Sistem akunting dan informasi,   Menjelaskan hubungan antara sistem akuntansi dan informasi. akuntansi Accounting/Akuntansi",sistem akunting informasi jelas hubung sistem akuntansi informasi akuntansi accountingakuntansi
90.0,36222000000000.0,36222000000000.0,36222000000000.0,Buku,Sistem akuntansi ,Buku lanjutan mengenai prosedur sistem akuntansi.,Mulyadi,3.0,"Salemba Empat,  ",1997.0,300.0,"9,78007E+99",657.0,657.0,Accounting/Akuntansi,indonesia,akuntansi,Sistem akuntansi  Buku lanjutan mengenai prosedur sistem akuntansi. akuntansi Accounting/Akuntansi,sistem akuntansi buku lanjut kena prosedur sistem akuntansi akuntansi accountingakuntansi
91.0,36221000000000.0,36221000000000.0,36221000000000.0,Buku,Accounting theory    conceptual issues in a political and economic environment  ,Mengkaji isu-isu konseptual akuntansi dalam konteks politik dan ekonomi.,"Wolk, Harry I.",3.0,"Thomson, ",2004.0,300.0,"9,78007E+100",657.0,657.0,Accounting/Akuntansi,inggris,akuntansi,Accounting theory    conceptual issues in a political and economic environment   Mengkaji isu-isu konseptual akuntansi dalam konteks politik dan ekonomi. akuntansi Accounting/Akuntansi,accounting theory conceptual issue political economic environment mengkaji isuisu konseptual akuntansi dalam konteks politik dan ekonomi akuntansi accountingakuntansi
92.0,36220200000000.0,36220200000000.0,36220200000000.0,Buku,The portable MBA keuangan dan akunting  ,Buku panduan manajemen keuangan dan akuntansi bergaya MBA.,"Livingstone, John Leslie",3.0,"Binarupa, ",1994.0,300.0,"9,78007E+101",657.0,657.0,Accounting/Akuntansi,indonesia,akuntansi,The portable MBA keuangan dan akunting   Buku panduan manajemen keuangan dan akuntansi bergaya MBA. akuntansi Accounting/Akuntansi,the portable mba uang akunting buku pandu manajemen uang akuntansi gaya mba akuntansi accountingakuntansi
93.0,36221000000000.0,36221000000000.0,36221000000000.0,Buku,Prinsip-prinsip akuntansi  ,Menyajikan prinsip akuntansi dasar untuk pemula dan profesional.,C. Rollin Niswonger ,3.0,garuda indonesia,2000.0,300.0,"9,78007E+102",657.0,657.0,Accounting/Akuntansi,indonesia,akuntansi ujian soal dsb,Prinsip-prinsip akuntansi   Menyajikan prinsip akuntansi dasar untuk pemula dan profesional. akuntansi ujian soal dsb Accounting/Akuntansi,prinsipprinsip akuntansi saji prinsip akuntansi dasar mula profesional akuntansi uji soal accountingakuntansi
94.0,36221000000000.0,36221000000000.0,36221000000000.0,Buku,Teori akuntansi ,Mengulas teori akuntansi baik dari perspektif lokal maupun global.,Ahmed Riahi Belkaoui  ; diterjemahkan oleh Marwata ,3.0,"Salemba Empat, ",2001.0,300.0,"9,78007E+103",657.0,657.0,Accounting/Akuntansi,indonesia,fracture mechanics,Teori akuntansi  Mengulas teori akuntansi baik dari perspektif lokal maupun global. fracture mechanics Accounting/Akuntansi,teori akuntansi ulas teori akuntansi baik perspektif lokal maupun global fracture mechanics accountingakuntansi
95.0,36221000000000.0,36221000000000.0,36221000000000.0,Buku,Schaum's easy outlines principles of accounting  ,Ringkasan praktis prinsip akuntansi untuk persiapan ujian.,"Lerner, Joel",3.0,"McGraw-Hill, ",2001.0,300.0,"9,78007E+104",657.0,657.0,Accounting/Akuntansi,inggris,akuntansi,Schaum's easy outlines principles of accounting   Ringkasan praktis prinsip akuntansi untuk persiapan ujian. akuntansi Accounting/Akuntansi,schaums easy outline principle accounting ringkasan praktis prinsip akuntansi untuk persiapan ujian akuntansi accountingakuntansi
96.0,36220800000000.0,36220800000000.0,36220800000000.0,Buku,Akuntansi untuk perusahaan kecil dan menengah ,Panduan akuntansi bagi UMKM dengan metode sederhana.,"Tunggal, Amin Widjaja",3.0,"Rineka Cipta, ",1997.0,300.0,"9,78007E+105",657.0,657.0,Accounting/Akuntansi,indonesia,akuntansi,Akuntansi untuk perusahaan kecil dan menengah  Panduan akuntansi bagi UMKM dengan metode sederhana. akuntansi Accounting/Akuntansi,akuntansi usaha kecil tengah pandu akuntansi umkm metode sederhana akuntansi accountingakuntansi
97.0,36221000000000.0,36221000000000.0,36221000000000.0,Buku,"Akuntansi untuk SLTA, ",Buku akuntansi dasar yang dirancang untuk tingkat sekolah menengah.,"Tunggal, Amin Widjaja",1.0,"Rineka Cipta, ",1995.0,300.0,"9,78007E+106",657.0,657.0,Accounting/Akuntansi,indonesia,akuntansi,"Akuntansi untuk SLTA,  Buku akuntansi dasar yang dirancang untuk tingkat sekolah menengah. akuntansi Accounting/Akuntansi",akuntansi slta buku akuntansi dasar rancang tingkat sekolah tengah akuntansi accountingakuntansi
98.0,36221000000000.0,36221000000000.0,36221000000000.0,Buku,Microsoft excel for accounting  ,Panduan penggunaan Excel dalam praktik akuntansi.,"Katherine T. Smith, L. Murphy Smith, Lawrence C. Smith",1.0,"Prentice Hall, ",2003.0,300.0,"9,78007E+107",657.0,657.0,Accounting/Akuntansi,inggris,komputer akuntansi,Microsoft excel for accounting   Panduan penggunaan Excel dalam praktik akuntansi. komputer akuntansi Accounting/Akuntansi,microsoft excel accounting panduan penggunaan excel dalam praktik akuntansi komputer akuntansi accountingakuntansi
99.0,36221000000000.0,36221000000000.0,36221000000000.0,Buku,Business accounting,Buku komprehensif yang membahas akuntansi dalam konteks bisnis.,Frank Wood and Alan Sangster,1.0,"Prentice-Hall, ",1999.0,300.0,"9,78007E+108",657.0,657.0,Accounting/Akuntansi,inggris,pest integrated control,Business accounting Buku komprehensif yang membahas akuntansi dalam konteks bisnis. pest integrated control Accounting/Akuntansi,business accounting buku komprehensif yang membahas akuntansi dalam konteks bisnis pest integrated control accountingakuntansi
